name,description,address,access,business_hours,holiday,phone_number,homepage,area
上徳寺,浄土宗の寺院。山号は、塩竈山。通称の世継地蔵で知られ、通称寺の会に属する。1603年（慶長8年）、徳川家康が阿茶局と娘の泰栄院との菩提を弔うために、伝誉一阿を開山に招請して建立したとされる。本尊は、家康が近江国矢橋の鞭碕神社から移設させたと伝えられる、伝快慶作の阿弥陀如来像である。,京都市下京区富小路通五条下ル本塩竈町556,京阪電車「清水五条」下車、徒歩約5分市バス「河原町五条」下車、徒歩約2分,-,-,075-351-4360,-,京都市下京区
本願寺（西本願寺）,各地に同名の寺院があるが、一般には本願寺系の浄土真宗（真宗）各派の本山である「本願寺」を指すことが多い。浄土真宗における寺号の由来は、13世紀に親鸞の廟堂に対して亀山天皇より下賜された「久遠実成阿弥陀本願寺」であるとされる。16世紀末期に東西に分裂し、東側は20世紀後期に発生したお東騒動の影響で更に分裂した。,京都市下京区堀川通花屋町下ル,ＪＲ「京都」駅から徒歩約15分（タクシー5分）市バス9・28・75「西本願寺前」下車京阪バス「西本願寺」下車,開門時間5：30～17：00,-,075-371-5181,http://www.hongwanji.kyoto,京都市下京区
大谷本廟,浄土真宗本願寺派の本山の本願寺が所有する墓地。浄土真宗の宗祖・親鸞の墓所。通称は、「西大谷」。「日野誕生院」・「角坊」とともに「宗教法人本願寺」が所有する飛地境内である。,京都市東山区五条橋東6丁目514,京阪電車「清水五条」下車、徒歩約15分市バス「五条坂」下車すぐ,-,-,075-531-4171,http://otani-hombyo.hongwanji.or.jp,京都市東山区
城南宮,引越・工事・家相の心配を除く「方除の大社」と仰がれている。家庭円満や厄除や安全祈願、また車のお祓いに全国から人が来る。また古くより、住まいを清める御砂や方角の災いを除く方除御札を城南宮で授かる習慣がある。そして曲水の宴が行われる神苑は、しだれ梅、椿、桜、藤、躑躅、青もみじ、秋の七草や紅葉に彩られ安らぎの庭になっている。,京都市伏見区中島鳥羽離宮町7,地下鉄・近鉄電車「竹田」駅下車、徒歩約15分市バス・京阪バス「城南宮東口」下車R'EXバス「油小路城南宮」下車（土日祝は城南宮下車すぐ）,境内自由神苑拝観は9：00～16：30（受付16：00）,無休,075-623-0846,https://www.jonangu.com/,京都市伏見区
称念寺,松平信吉の帰依を受けた嶽誉上人によって創建された寺院。通称猫寺。動物専用の観音堂がある。春秋の2回合同供養祭をする。愛犬・愛猫等の供養塔があり。,京都市上京区寺之内通浄福寺西入上ル西熊町275,市バス「乾隆校前」下車、徒歩約5分,-,-,075-441-4519,http://www.nekodera.net/,京都市上京区
正法寺＜西京区＞,鑑真和尚の高弟・智威大得が創建したものと伝えられるお寺。応仁の乱で一度消失したが、江戸初期に再興された。「鳥獣の石庭」が有名。鳥や動物に見立てた石組みを配した庭、うさぎやペンギンを模した石組もある。枝垂桜も有名で３月末ごろが見頃。年に１回の予定で寺宝が特別公開される。,京都市西京区大原野春日町1102,阪急電車「東向日」駅下車阪急バス「南春日町」下車、徒歩約7分,-,-,075-331-0105,-,京都市西京区
上品蓮台寺,真言宗智山派の寺院。寺伝によれば、聖徳太子が母の菩提寺として建立し、宇多法皇が中興したという。寺は応仁の乱で焼けたが、文禄年間（1592–1596年）、豊臣秀吉の援助のもと、紀州根来寺の性盛によって復興された。,京都市北区紫野十二坊町33-1,市バス「千本鞍馬口」または「千本北大路」下車、徒歩約5分,-,なし,-,-,京都市北区
東丸神社,伏見稲荷大社の境内社のように見えるが、隣接する独立した神社。江戸時代の学者荷田春満を学問の神様として奉る。学問向上、受験合格の神として広く崇拝されている,京都市伏見区深草藪之内町36,JR奈良線「稲荷」駅下車、徒歩約1分京阪電車「伏見稲荷」駅下車、徒歩約5分,-,-,075-641-4693,https://twitter.com/azumamaro07,京都市伏見区
愛宕神社,全国に約９００社を数える愛宕神社の本社として、京都市最高峰の霊山である愛宕山上に鎮座している。古くより火伏・防火に霊験のある神社として知られ、現在は「愛宕さん」とも呼ばれる。例年7月31日夜から8月１日未明にかけての「千日詣」は有名。,京都市右京区嵯峨愛宕町,京都バス「清滝」下車、徒歩約90分～120分,-,-,075-861-0658,http://atagojinjya.jp/,京都市右京区
あだし野念仏寺,浄土宗の寺院。伝承によれば弘仁2年（811年）、空海が当地に野ざらしになっていた遺骸を埋葬して供養のために千体の石仏を埋め、五智如来の石仏を建てて五智山如来寺を建立したのに始まるとされる。その後、法然が念仏道場を開き、名称も念仏寺となったという。境内8000体の石仏・石塔群は、化野に葬られた人たちの墓で、毎年8月最終土曜日・日曜日に灯明をあげ、幽玄な千灯供養を行う。,京都市右京区嵯峨鳥居本化野町17,京都バス「鳥居本」下車、徒歩約5分,開門時間～受付終了時間3月～11月9：00～16：3012月～2月9：00～15：30,年中無休臨時宗教式典、気象状況により休観となります。（台風・積雪・凍結など）,075-861-2221,http://www.nenbutsuji.jp/,京都市右京区
蓮臺山捴見院阿弥陀寺,天文24年（1555年）、玉誉清玉が近江国坂本に創建したのがこの寺の始まりとされ、その後清玉が織田信長の帰依を得、上京今出川大宮に移転。天正10年（1582年）、信長が本能寺で討たれると、清玉上人が自ら現地に赴いて信長の遺灰を持ち帰って、墓を築いたとされる。後に信忠の遺骨も、二条御新造より拾い集めて、その横に墓をなした。さらに本能寺の変の名の分からぬ犠牲者大勢も、阿弥陀寺に葬って供養したという。六月二日のみ「信長忌」勤修の為堂内拝観可。併せて各種寺宝公開。,京都市上京区寺町今出川上ル鶴山町14,京阪電車「出町柳」駅、徒歩約10分地下鉄烏丸線「今出川」駅下車、徒歩約10分市バス「河原町今出川」下車、徒歩約8分,-,-,075-231-3538,-,京都市上京区
阿弥陀寺＜左京区＞,古知谷にある浄土宗の寺院。1609年（慶長14年）3月、弾誓（たんぜい）上人が開山した念仏道場である。阿弥陀如来坐像は重文。宝物殿に上人の遺品、皇室関係の品を陳列。紅葉の名所でもある。,京都市左京区大原古知平町83,京都バス「古知谷」下車、徒歩約15分,9：00～16：00,1月、2月は休み（正月三ヶ日は天候により開くことがある）,075-744-2048,-,京都市左京区
粟田神社,スサノオノミコト・オオナムチノミコトを主祭神として祀り、厄除け・病除けの神と崇敬される。京都の東の出入口である粟田口に鎮座する為、古来東山道・東海道を行き来する人々は旅の安全を願い、また道中の無事を感謝して当社にお参りされ、いつしか旅立ち守護・旅行安全の神として知られる。当社がある粟田口近辺には往古刀工が在住し、屋号は粟田口、あるいは三条通に面したことより三条小鍛冶とも号した。,京都市東山区粟田口鍛冶町1,地下鉄東山駅又は蹴上下車徒歩約5分市バス神宮道下車徒歩約3分,8:30～17:00,無休,075-551-3154,https://awatajinja.jp/,京都市東山区
安祥院,天慶五年（942年）朱雀天皇の勅願によって、天台座主尊意僧正が乙訓郡大藪郷に創建した大薮山仁王護国院という天台宗寺院が始まりといわれる。1725年（享保10）木食正禅養阿上人がこの地に再興されたという。安祥院の地蔵堂に安置する地蔵尊を「日限さん」と称し、日を限って祈願すれば諸願成就するという信仰がある。通常は一般公開されていないが、無病息災、家運隆盛、諸願成就を得ることができるという洛陽六阿弥陀巡拝の四番札所であることから、彼岸と毎月の功徳日には本堂の阿弥陀如来を拝むことができる。,京都市東山区五条通東大路東入遊行前町560,市バス「五条坂」下車、徒歩約5分,-,-,075-561-0655,-,京都市東山区
慈圓山安養寺,延暦年間（782〜806）に伝教大師 最澄が創建した古寺にはじまるという。平安時代末期、青蓮院の八世 慈円が既存の仏教界から弾圧を受けた法然、親鸞を庇護してこの地に住まわせ、吉水草案が建立された。この慈円による再建時に安養寺という寺名に改称された。現在も残る地名「円山（まるやま）」は安養寺の山号 「慈円山」に由来しており、この山号の元になっているのが中興の祖である名僧 慈円である。,京都市東山区八坂鳥居前東入円山町,市バス「祇園」下車、徒歩約15分,8：00～17：00,無休,075-561-5845,-,京都市東山区
住蓮山安楽寺,鎌倉時代のはじめ、浄土宗の開祖法然の弟子である住蓮房と安楽房が、専修念仏の道場として結んだ草庵にはじまる。7月に中風除けを祈願するカボチャ供養で有名である。通称として松虫鈴虫寺ともいわれる。春と秋に特別公開される。春には桜、初夏にはつつじやさつき、秋には紅葉が美しい。,京都市左京区鹿ヶ谷御所ノ段町21,市バス「錦林車庫前」下車、徒歩約10分,10：00～16：00（最終入山16：00）,-,075-771-5360,http://anrakuji-kyoto.com/,京都市左京区
安楽寿院,真言宗智山派の寺院。本尊は阿弥陀如来。京都の南に位置した鳥羽離宮の東殿に鳥羽上皇が造営した仏堂を起源とする皇室ゆかりの寺院である。境内に接して鳥羽天皇と近衛天皇の陵がある。本尊阿弥陀如来坐像（重文）、石造五輪塔（重文）、絹本着色孔雀明王像（重文）などの文化財を所蔵。,京都市伏見区竹田中内畑町74,地下鉄・近鉄電車「竹田」下車、徒歩約10分,-,-,075-601-4168,http://www.anraku.or.jp/,京都市伏見区
市比賣神社,平安京が開かれた翌年の795年、桓武天皇の命により創建され全国でも珍しい女人厄除けの神社。歴代皇后のご崇敬が篤いことでも知られる。ご祭神は5柱お祀りされてあり、そのすべて女神様。良縁・子授け・安産など女性に関するご利益ばかり。「五十日百日之祝」は生後五十日目か百日目に当社より「五十顆之餅」を授かり健やかな成長を祈り子供の口に含ませる現在のお食べ初めの発祥として知られている。,京都市下京区河原町五条下ル一筋目（市姫通）西入ル,京阪「清水五条」駅下車、徒歩5分市バス「河原町正面」下車、徒歩2分京都バス「河原町五条」下車、徒歩2分,-,-,075-361-2775,https://www.ichihime.net/,京都市下京区
新熊野神社,熊野信仰の盛んな平安時代末期、永暦元年（1160年）、後白河法皇によって創建された神社。後白河上皇は生涯で34回も熊野三山に参詣するほど熊野権現を信仰していたが、あまりにも紀伊国は遠くにあったため、頻繁に参詣することは難しかった。そこで自らが住まう法住寺殿のすぐそばに熊野権現を勧請し、建立された。以後は京の熊野信仰の中心地として大いに栄えた。「能楽発祥の地」ともされている。,京都市東山区今熊野椥（ナギ）ノ森町42,京阪電車「七条」または「東福寺」駅下車、徒歩約15分市バス「今熊野」下車、徒歩約3分,-,-,075-561-4892,http://imakumanojinja.or.jp,京都市東山区
新日吉神宮,永暦元年（1160年）、後白河上皇によって院の御所・法住寺殿の鎮守社として、日吉大社より山王七社（上七社）を勧請し、現在より南の地に新日吉社として創建される。同時に、新日吉社の別当寺とするために妙法院を比叡山延暦寺の山内から祇園社（八坂神社）の西側に移設している。縁結びの神が奉られている,京都市東山区妙法院前側町451-1,市バス「東山七条」下車、徒歩約5分,-,-,075-561-3769,http://www.imahie.com,京都市東山区
志明院,鴨川の水源地に位置し、天長6年（829）空海によって創建された。本尊不動明王は空海の直作といわれ、日本最古の不動明王像といわれている。司馬遼太郎が好んだ山寺でアニメ「もののけ姫」発案もこの森から。市の天然記念物に指定されている境内のしゃくなげ林は4月下旬から5月上旬が見頃。,京都市北区雲ケ畑出谷町261,地下鉄「北大路」駅より雲ヶ畑地域生活交通で「雲ヶ畑岩屋橋」下車（1日2本）,-,-,075-406-2061,-,京都市北区
岩屋神社,天忍穂耳命、栲幡千々姫命、饒速日命を祭神とする。本殿背後の山腹に奥之院あるいは岩屋殿と呼ばれる陰陽2つの巨巌があり、これを磐座として祀ったのが当社の起源である。社伝では、仁徳天皇31年の創建と伝えられる。,京都市山科区大宅中小路町67,京阪バス「大宅」下車、東へ徒歩約15分地下鉄東西線「椥辻」駅下車、東へ徒歩約25分,-,無休,075-571-0833,http://www.iwayanomori.org/shrine/,京都市山科区
引接寺（千本閻魔堂）,そもそもは現世と冥土を行き来して、閻魔法王とも交流したという伝承のある小野篁が、蓮台野の入口であるこの地に自ら閻魔法王の姿を刻んで祠を建立して祀ったのが当寺の始まりであるという。ご本尊の閻魔像は、日本最大級。紫式部の供養塔が建つ。,京都市上京区千本通蘆山寺上ル閻魔前町34,市バス「乾隆校前」または「千本鞍馬口」下車、徒歩約2分,-,-,075-462-3332,http://yenmado.blogspot.com/,京都市上京区
梅宮大社,京都市西部の梅津の地に鎮座する、四姓（源平藤橘）の1つの橘氏の氏神として知られる神社。元々は奈良時代に南方の綴喜郡井手町付近に創祀されたといわれ、のち平安時代前期に橘嘉智子（檀林皇后）によって現在地に遷座したとされる。子授けと安産の神として名高い。神苑では、梅や杜若、キリシマツツジ、花菖蒲、紫陽花などが、季節ごとに美しい花を咲かせる。,京都市右京区梅津フケノ川町30,阪急電車嵐山線「松尾大社」下車、徒歩約15分市バス「梅宮大社前」下車、徒歩約3分,9：00～17：00（受付終了16：30）,無休,075-861-2730,http://www.umenomiya.or.jp/,京都市右京区
圓通寺,その昔、後水尾上皇の幡枝離宮だったところで、修学院離宮の前身。また、一面に青苔がおおう枯山水庭園のかなたには木立を通して比叡山が眺められ、見事な借景式庭園となっている。四季折々の風情があじわえ、後水尾院の幡枝離宮の庭をそのまま今に伝えている。,京都市左京区岩倉幡枝町389,叡山電車「京都精華大」下車、徒歩約25分京都バス「自動車教習所前」下車、徒歩約10分京都バス「西幡枝(円通寺前)」下車、徒歩3分地下鉄烏丸線「北山」駅下車、徒歩約30分,10：00～16：30,毎週水曜日12月末に3日間（不定）特別法要日,075-781-1875,-,京都市左京区
圓徳院,高台寺の塔頭寺院のひとつで、高台寺を建立する前年の慶長11年（1605）に伏見城から化粧御殿と庭園を移築し、新たに客殿（現方丈）を建立したことに始まる。寛永元年（1624）に寺格を持ち、寛永4年に圓徳院の名を持つようになった。豊臣秀吉の正室・北政所（ねね）の終焉の地として知られている。,京都市東山区高台寺下河原町530,市バス206「東山安井」下車、徒歩5分京阪電車「祇園四条」下車、徒歩約20分阪急電車「京都河原町」下車、徒歩約20分,10：00～17：00,無休,075-525-0101,https://www.kodaiji.com/entoku-in/,京都市東山区
大石神社,昭和10年創建。赤穂事件、忠臣蔵にかかわる大石内蔵助がご祭神である。「忠臣蔵」とは、人形浄瑠璃・歌舞伎の『仮名手本忠臣蔵』の通称、および、この赤穂事件を基にした様々な作品群の総称である。毎年12月14日に義士祭が行われる。春には大石桜と呼ばれるしだれ桜が美しく咲き、見頃の時期にはライトアップも行われる。,京都市山科区西野山桜馬場町116,京阪バス「大石神社前」下車、徒歩約2分,9：00～16：00,なし,075-581-5645,http://www.ohishi-jinja.jp/,京都市山科区
大田神社,式内社で、現在は賀茂別雷神社（上賀茂神社）の境外摂社（第三摂社）。古くは「恩多社（おんたしゃ）」とも。天鈿女命をまつる。境内の大田の沢にはカキツバタの野生群落（天然記念物）があり、5月上旬の開花時には参詣人と観賞者でにぎわう。,京都市北区上賀茂本山340,地下鉄「北山」駅下車、タクシー約5分市バス「上賀茂神社前」下車、徒歩約10分,-,-,075-781-0907,https://www.kamigamojinja.jp/shaden/oota/,京都市北区
大谷祖廟,真宗大谷派の本山の真宗本廟（東本願寺）が所有する墓地。浄土真宗の宗祖・親鸞の墓所。親鸞の墳墓は「御廟」と呼称される。聖人をはじめ、本願寺の歴代、全国各地の寺院・ご門徒の方々のご遺骨が納められている。,京都市東山区円山町477,市バス「祗園」下車、徒歩10分(南へ少し戻り、八坂神社南門前の東大谷参道を入る),5：00～17：00（受付8：45～11：30、12：45～15：30）,無休,075-561-0777,http://www.higashihonganji.or.jp/,京都市東山区
大原野神社,平安京以前に由緒をもつ古社で、延暦3年（784年）に桓武天皇が長岡京へ遷都した際、皇后の藤原乙牟漏が藤原氏の氏神である奈良・春日社（春日大社）の分霊を勧請して、しばしば鷹狩を行っていた大原野に祀ったのに始まる。「京春日」の別称がある。紅葉の名所としても名高い。,京都市西京区大原野南春日町1152,阪急バス「南春日町」下車、徒歩約10分,参拝自由,無休,075-331-0014,http://oharano-jinja.jp/,京都市西京区
岡崎神社,延暦13年（794年）、桓武天皇の平安京遷都の際に、王城鎮護のため平安京の四方に建てられた社の一つとされ、都の東に鎮座するころから東天王と称される。安産の神とされる他、多産である兎が神使であること、祭神の速素盞鳴尊と奇稲田姫命に子供が多いことから子授けの神ともされ、神社創建の由来から方除けの神ともされている。また、境内のあちらこちらにウサギの石像が存在する。,京都市左京区岡崎東天王町51,市バス「岡崎神社前」または「東天王町」下車、西へ徒歩3分,-,-,075-771-1963,https://okazakijinja.jp/,京都市左京区
愛宕念仏寺,天平神護2年（766年）、称徳天皇により今の京都・東山松原通の地、六波羅蜜寺の近くに愛宕寺として創建された。寺名の由来は山城国愛宕郡に初めて建てられた寺院だからだという。平安初期に鴨川の洪水で堂宇が流失し、醍醐天皇が天台の僧、千観内供に再興させて比叡山の末寺となった。本尊は千手観音像。千観内供は世に念仏上人といわれ、この寺も愛宕念仏寺と称するようになる,京都市右京区嵯峨鳥居本深谷町2-5,JR「嵯峨嵐山」駅下車、バス停「野々宮」より京都バス・清滝行「おたぎ寺前」下車（阪急嵐山駅前より・同上バス）,8：00～16：30,無休,075-285-1549,http://www.otagiji.com,京都市右京区
折上稲荷神社,創建は711年（和同4年）、西野山の三の峰に稲荷神が降りられたのと同時に、神社境内にある稲荷塚にも降りられたとされており、稲荷山の奥にあることから伏見稲荷大社の奥宮として創建されたいわれている。幕末に孝明天皇が即位される際、側に仕える女官の多くが病に倒れたことで天皇即位が危ぶまれた[1]。そこで神社に祈祷が命じられて祈願したことで女官は奇跡的に回復し事なきを得て、孝明天皇は女官たちが今後も元気で働いてくれるようと神社に「長命箸」を奉納された。これ以降、折上稲荷神社は「働く女性の守り神」として商売繁盛祈願など女性の崇尊を集め、J・P・モルガンの甥と結婚した芸妓であるモルガンお雪も深く信仰していたとされている。,京都市山科区西野山中臣町25,京阪バス17「折上神社前」下車、徒歩1分地下鉄東西線「椥辻」駅下車、徒歩15分京阪バス29、83、83A、84、85、85A「大石神社前」下車、徒歩5分,-,-,075-581-1834,https://origami-inari.jp/,京都市山科区
戒光寺,後掘河天皇のご勅願所として鎌倉時代中期に創建された戒光寺は応仁の乱で伽藍を消失するも、全高10mの木像「丈六釈迦如来像」(通称 丈六さん)は奇跡的にその大火から免れた。何度かの移築後、後水尾天皇のお身代わりになられたことから皇室の菩提所である泉涌寺の塔頭となる。喉元から何か流れているように見えるものはお身代わりにたたれた時についた血の跡だと伝えられる。以来「悪いことの身代わりになって下さる」「首から上の病気や喉の病気は特によく治して下さる」と言われお身代わりのお釈迦様として信仰が厚い。,京都市東山区泉涌寺山内町29,京阪電車・JR奈良線「東福寺」駅下車、徒歩約15分市バス「泉涌寺道」下車、徒歩約7分,-,-,075-561-5209,http://www.kaikouji.com/,京都市東山区
海宝寺,享保年間（1716 - 1736年）、萬福寺12世の杲堂元昶によって創建され、萬福寺13世竺庵浄印が隠居先としたという。もと開法寺という天台宗寺院であったものを竺庵浄印が改宗して海宝寺としたとする別伝もある。寺のある桃山町正宗は、仙台藩の藩祖伊達政宗の伏見城上屋敷があった場所で、町名もこれに由来する。境内には伊達家上屋敷跡の説明板が仙台市によって設置されている。大丸の創業者下村彦右衛門正啓[1]は竺庵に帰依し自ら浄財を投じて援助を続けた。普茶料理（中国式の精進料理）で知られ、山門には「普茶大本山開祖道場」の札が掛かる。,京都市伏見区桃山町正宗,京阪電車「墨染」駅下車、徒歩約10分京阪電車「丹波橋」駅下車、徒歩約15分市バス「最上町」下車、徒歩約5分近鉄「丹波橋」駅下車、徒歩15分JR「藤森」駅下車、徒歩10分,-,-,075-611-1672,-,京都市伏見区
勧修寺,真言宗山階派の大本山の寺院。本尊は千手観音。開基（創立者）は醍醐天皇、開山（初代住職）は承俊である。寺紋（宗紋）は裏八重菊。皇室と藤原氏にゆかりの深い寺院である。門跡寺院であり、「山階門跡」とも称する。庭園には桜、藤、杜若、花菖蒲などが咲き、冬には氷室池にマガモも訪れる。樹齢750年を超えるハイビャクシンや徳川光圀寄進の雪見灯籠も必見。,京都市山科区勧修寺仁王堂町27-6,地下鉄東西線「小野」下車、徒歩西へ6分小野駅に附近の地図があります。,9：00～16：00,年中無休,075-571-0048,-,京都市山科区
嘉祥寺,天台宗の寺院。嘉祥3年（850）に文徳天皇が父仁明天皇の陵墓に近接して建立された陵寺がはじまり。文徳天皇は清涼殿を嘉祥寺に移して堂とし、後に光孝天皇が五重塔を建立した。日本最古の歓喜天や、十一面観音、不動明王などが安置されている。,京都市伏見区深草坊町71,京阪電車「龍谷大前深草」または「藤森」駅下車、徒歩約15分市バス「地下鉄竹田」駅より（臨南5）「僧坊町」下車、徒歩約3分京阪電車「伏見稲荷」またはJR「稲荷」駅下車、徒歩20分,10：00～16：00,不定休,075-641-4102,https://www.instagram.com/kashojitemple/,京都市伏見区
賀茂別雷神社（上賀茂神社）,京都最古の歴史を有する一社であり、かつてこの地を支配していた古代氏族である賀茂氏の氏神を祀る神社として、賀茂御祖神社（下鴨神社）とともに賀茂神社（賀茂社）と総称される。賀茂社は奈良時代には既に強大な勢力を誇り、平安遷都後は皇城の鎮護社として京都という都市の形成に深く関わってきた。賀茂神社両社の祭事である賀茂祭（通称 葵祭）で有名である。ユネスコの世界遺産に「古都京都の文化財」の1つとして登録されている。,京都市北区上賀茂本山339,市バス・京都バス「上賀茂神社前」下車すぐ地下鉄「北大路」「北山」駅下車、車で約10分,5：30～17：00（二ノ鳥居内）,年中無休,075-781-0011,http://www.kamigamojinja.jp/,京都市北区
笠原寺,弘法大師1150年御遠忌（昭和59年）の記念事業として開山主笠原政江尼が発願し、有縁の方々、ご信徒各位のご信援のもと昭和58年10月建立された。川崎大師の京都別院として、御本尊、厄除弘法大師さまのご分躰を勧請し、奉安している。山の中腹にある境内からの眺望は素晴らしく、山科盆地や東山三十六峰が一望出来る。,京都市山科区大宅岩屋殿2,地下鉄「椥辻」駅下車、徒歩約20分京阪バス「橘大学」下車、徒歩5分京阪バス「大宅」下車、徒歩10分,9：00～16：00,年中無休,075-572-9400,https://ryugennji.com/,京都市山科区
元慶寺,桓武天皇の孫にあたる遍照は仁明天皇の崩御に従い出家し、延暦寺で仏門に入り、貞観11年(869年)に華山寺を創建したとされている。その後、元慶元年(877年)には清和天皇の勅願寺となり、崋山寺から元慶寺に名称を変更したと伝えられている。応仁の乱までは寺域も広かったが、応仁の乱で寺が焼失してから、現在みられるような小さい規模の寺になったといわれている。,京都市山科区北花山河原町13,地下鉄東西線「御陵」下車、出口3番より徒歩20分京阪バス（1時間1本）「北花山」下車、徒歩5分,8：00～17：00,年中無休,075-581-0183,-,京都市山科区
菅大臣神社,社地は今から約1000年前、菅原道真公の紅・白梅殿という邸宅や、また菅公生誕の地と伝えられ、境内には産湯の井戸が保存されている。仏光寺通を中心に南北二町、東西一町が当時の邸宅で、菅公が、大宰府へ左遷に当り『東風吹かば 匂ひをこせよ 梅の花 主なしとて 春な忘れそ』と詠んだ「飛梅の地」と伝えられる。,京都市下京区仏光寺通新町西入菅大臣町,地下鉄「四条烏丸」駅下車、徒歩約5分市バス「西洞院仏光寺」下車、徒歩約2分,-,-,075-351-6389,-,京都市下京区
今熊野観音寺,西国三十三ヶ所観音霊場の第十五番札所、ぼけ封じ・近畿十楽観音霊場の第一番札所、京都泉山七福神のえびす神奉祀、洛陽三十三所観音霊場の第十九番札所、神仏霊場会の１２２番（京都４２番）霊場として名高く、また古くからの霊験記にも記されている通り「頭の観音さん」として広く人々の信仰をあつめている。紅葉の名所でもある。,京都市東山区泉涌寺山内町32,京阪電車/JR「東福寺」駅下車、徒歩約15分市バス「泉涌寺道」下車、徒歩約10分,8：00～17：00,無休,075-561-5511,http://www.kannon.jp/,京都市東山区
祇王寺,『平家物語』に登場し、平清盛に寵愛された白拍子・祇王が、清盛の心変わりによって都を追われ、母と妹とともに出家・入寺した悲恋の尼寺。時代が下り鎌倉時代になると、法然上人の門弟・良鎮によって、この辺り一帯を境内とする往生院というお寺が創建され、祇王寺もその一部となるが、その後、往生院も荒廃してしまい、祇王寺は、ささやかな尼寺としてこの地に遺された。,京都市右京区嵯蛾鳥居本小坂町32,市バス/京都バス「嵯峨小学校前」下車、徒歩約15分,9：00～16：30（受付終了）,元日,075-861-3574,https://www.giouji.or.jp,京都市右京区
吉祥院天満宮,菅原道真公がなくなって３１年目に当たる承平四年（９３４）に菅原家ゆかりの道真公御誕生の地に朱雀天皇の勅命により創建された最初の天満宮である。これより先、平安遷都とともに文章博士として恒武天皇に随行された道真公の祖父清公卿は遣唐使の命を受けて唐へ渡航中暴風に遭遇、船上にて吉祥天女の霊験を得て入唐、無事任務を終えて帰国後、自邸内にお堂を建て吉祥天女の尊像をまつった。これが吉祥院の由来で地名の起源となっている。,京都市南区吉祥院政所町3（西大路十条西入ル北）,JR「西大路」駅下車、徒歩約15分市バス「吉祥院天満宮前」下車、徒歩約3分,-,-,075-691-5303,-,京都市南区
貴船神社,貴船山と鞍馬山に挟まれた森林鬱蒼とする山峡に鎮座する。社前には賀茂川の上流に位置する貴船川が流れており、京の市中を潤す鴨川の源流とも考えられた。水神である高龗神を祀り、古代の祈雨八十五座の一座とされるなど、古くから祈雨の神として信仰された。水の神様として、全国の料理・調理業や水を取扱う商売の人々から信仰を集めている。縁結びの神としての信仰もある。,京都市左京区鞍馬貴船町180,叡山電車「貴船口」下車、徒歩30分京都バス「貴船」下車、徒歩5分,6：00～20：00御守・御札・御朱印の授与は9：00～17：0012/1～4/30は拝観は18：00まで（正月3が日、冬・春のライトアップ除く）5/1～11/30は拝観は20：00まで（夏・秋のライトアップ期間は延長あり）,無休,075-741-2016,http://kifunejinja.jp/,京都市左京区
教王護国寺（東寺）,真言宗の総本山の寺院。平安京鎮護のための官寺として建立が始められた後、嵯峨天皇より空海（弘法大師）に下賜され、真言密教の根本道場として栄えた。明治維新まで、東寺の長官である4人の東寺長者は真言宗の最高位であり、中でも長者の筆頭である東寺一長者は律令制における仏教界の首座である法務も兼任する慣例だった。中世以降の東寺は弘法大師に対する信仰の高まりとともに「お大師様の寺」として庶民の信仰を集めるようになり、今日も京都の代表的な名所として存続している。1934年（昭和9年）に国の史跡に指定、1994年（平成6年）12月には「古都京都の文化財」の構成資産として世界遺産に登録された。,京都市南区九条町1,近鉄電車「東寺」駅下車、徒歩約10分市バス「東寺東門前」下車すぐJR「京都」駅下車、徒歩約15分,開門時間5：00～17：00金堂・講堂8：00～17：00（16：30受付終了）,無休,075-691-3325,http://www.toji.or.jp/,京都市南区
行願寺（革堂）,霊麀山行願寺と号する天台宗の寺院で、西国三十三所観音霊場の第十九番札所。寛弘元年（1004）に行円上人によって、一条小川（上京区）に創建された。子を孕んだ母鹿を射止めてしまったことを悔いた上人が、常にその皮をまとって鹿を憐れみ、人々から皮聖と呼ばれていたことから、革堂と呼ばれるようになった。以後、人々からの厚い信仰を受け、町堂として大いに栄えたが、度々の災火により寺地を転々とし、宝永五年（1708）の大火の後、当地に移された。,京都市中京区寺町通竹屋町上ル行願寺門前町17,京阪電車「神宮丸太町」駅下車、徒歩10～15分市バス「河原町丸太町」下車、徒歩5分,拝観時間7:00～17:00（納経は8:00から）,無休,075-211-2770,https://kaudau.jp/,京都市中京区
更雀寺,藤原実方が藤原行成と殿中で口論となり、行成の烏帽子えぼしを庭に投げ捨てた事で、陸奥守に任じられる。彼地で没した実方の帰洛の思いが妄執となり、雀となって帰来したと言われる。その後雀塚を建てて、実方の霊を弔ったことから、雀寺の通称で呼ばれるようになった。,京都市左京区静市市原町738-1,叡山電車鞍馬線「京都精華大前」駅下車、徒歩約3分京都バス40・50「精華大前」下車、徒歩3分,-,年中随時,075-781-2115,-,京都市左京区
京都霊山護国神社,慶応4年5月10日（1868年6月29日）、明治天皇から維新を目前にして倒れた志士たち（天誅組など）の御霊を奉祀するために、京都・東山の霊山に佳域社を創建せよとの詔・御沙汰が発せられた。それに感激した京都の公家や山口・高知・福井・鳥取・熊本などの諸藩が相計らい、霊山の山頂から山腹にかけてそれぞれの祠宇を建立したのが当社創建のはじまりであり、招魂社の最初でもあった。靖国神社よりも古い歴史を持つ。,京都市東山区清閑寺霊山町1,市バス「東山安井」下車、徒歩約7分,9：00～17：00,無休,075-561-7124,http://www.gokoku.or.jp/,京都市東山区
清水寺,開創778年。大きな慈悲を象徴する観音さまの霊場として、古くから庶民に開かれ幅広い層から親しまれてきた。京都の東、音羽山の中腹に広がる13万平方メートルの境内には、国宝と重要文化財を含む30以上の堂塔伽藍が建ち並ぶ。創建以来、10度を超える大火災にあいそのたびに堂塔を焼失したが、篤い信仰によって何度も再建された。現在の伽藍はそのほとんどが1633年に再建されたもの。1994年にはユネスコ世界文化遺産「古都京都の文化財」のひとつとして登録された。,京都市東山区清水1丁目294,京阪電車「祇園四条」駅・阪急電車「京都河原町駅」下車、市バス「清水道」または「五条坂」から徒歩約10分,6：00～18：00※夏は～18：30（7月～8月）,無休,075-551-1234,http://www.kiyomizudera.or.jp,京都市東山区
京都熊野神社,、創建弘仁2年（811年）に修験道の日圓が国家護持の為に紀伊国熊野から熊野大神を勧請したのに始まる。熊野詣を度々行っていた白河上皇は、すぐ近くにある熊野として当社も厚く崇敬していた。寛治4年（1090年）、上皇は園城寺の増誉を熊野三山検校に補任し、増誉を開山として当社の北東に聖護院を創建させ、当社はその鎮守社とされた。また、当社の周りから聖護院にかけて大きな森があったが、以降この森は聖護院の森といわれるようになった。御祭神は、我国最初の夫婦神である伊弉諾尊・伊弉冉尊とその御子神 天照大神であり、縁結び・安産のご利益がある。,京都市左京区聖護院山王町,京阪電車「神宮丸太町」駅下車、東へ徒歩約5分市バス「熊野神社前」下車、徒歩約1分,(1/1〜2/15)開門時間7：00～17：00受付時間9：00～17：00(2/16〜12/31)開門時間7：00～16：00受付時間9：00～16：00,-,075-771-4054,-,京都市左京区
熊野若王子神社,永暦元年（１１６０）後白河法皇が熊野権現を禅林寺（永観堂）の守護神として勧請せられ祈願所とされた正東山若王子の鎮守であったが、明治初年の神仏分離によって当社のみが今日に残った。夷川通りに鎮座せられていた室町時代作の恵比須を祀っている。足利尊氏、義政が、この地に花を愛で宴を開いたと伝えるが今日でも東方山中に瀑布が有り奇岩老樹も多く、夏は納涼地、秋は紅葉の名所として聞こえている。社殿は度々荒廃し、明治の修築の際本宮、新宮、那智、若宮などがあったが、現在は１社相殿になっている。,京都市左京区若王子町2,市バス「南禅寺・永観堂前」下車、徒歩約10分市バス「東天王町」下車、徒歩約10分,境内終日社務業務9：00～17：00,無し,075-771-7420,-,京都市左京区
鞍馬寺,770年に鑑真和上の弟子である鑑禎上人によって開創された。夢の中で聞いたお告げに従い鞍馬山に登った際、鑑禎上人は鬼女に襲われたが、毘沙門天に助けられる。そこで毘沙門天を祀る草庵を建てたことが、鞍馬寺のはじまりとされている。史実との関わりや多くの伝説が残るパワースポット。春は桜、秋は紅葉の名所。,京都市左京区鞍馬本町1074,叡山電車・京都バス「鞍馬」下車,本殿開扉9：00～16：15霊宝殿開館9：00～16：00,-,075-741-2003,https://www.kuramadera.or.jp/,京都市左京区
車折神社,平安時代後期の儒学者 清原頼業の没後に建立された廟所にはじまるとされる。頼業は深い学識と実務能力から九条家の祖 九条兼実に仕え重用されるなど大変に優れた人物であった。鎌倉時代に後嵯峨天皇が嵐山へ行幸した際、頼業の廟の前で牛車が動かなくなってしまったが、この時に天皇が廟の門の右にあった石を「車折の石」と呼んで正一位 車折大明神の神号を授けたことから現在の社名となったという。境内には天宇受売命を祀る『芸能神社』が鎮座し、あらゆる芸能・芸術・技芸の分野で活躍する人たちに強い信仰がある。,京都市右京区嵯峨朝日町２３番地,京福電車「車折神社」下車、徒歩約1分市バス・京都バス「車折神社前」下車、徒歩約1分,9：30～17：00,無休,075-861-0039,http://www.kurumazakijinja.or.jp,京都市右京区嵯
桂春院,妙心寺の塔頭のひとつ。慶長3年（1598）、織田信長の嫡男信忠の次男である津田秀則によって見性院として創建され、寛永9年（1635）に美濃国（現岐阜県）の豪族石河貞政が建物を完備し、名を桂春院と改めた。方丈内部の襖絵は狩野山雪の筆。茶室既白庵（きはくあん）は長浜城から書院とともに移築されたもの。「侘」「清浄」「思惟」「真如」と名付けられた4つの庭は、国の名勝及び史跡に指定されている。,京都市右京区花園寺ノ中町11,JR「花園」下車、徒歩約20分市バス「妙心寺北門前」または「妙心寺前」下車、徒歩約5分京都バス「妙心寺前」下車、徒歩約10分,9：00～17：00（冬は～16：30）,1月2日（法要のある時は、年に1、2回）,075-463-6578,-,京都市右京区
華光寺,天正11年（1583）日堯の隠居所として創建され，本尊は十界曼荼羅で，毘沙門天像は鞍馬寺の像と同木同作と伝え，豊臣秀吉が伏見城で信仰していたのを寄進したといわれている。「出水七不思議」の二つ、秀吉の手植えという「時雨松」と五色の花を付けたという「五色椿」が近年まであったが枯死した。,京都市上京区出水通六軒町西入七番町331,市バス「千本出水」下車、徒歩約2分地下鉄東西線「二条」駅下車、北へ徒歩約10分,9：00～15：00,なし,075-841-5807,-,京都市上京区
華厳寺（鈴虫寺）,臨済宗の寺院。本尊は大日如来。鈴虫を四季を通して飼育しているため、通称「鈴虫寺」と呼ばれている。様々な種類の竹を集めた庭園や、わらじを履き、願い事を一つだけ叶えるという「幸福地蔵」、僧侶による参拝者への茶菓のもてなしと鈴虫説法なども有名で、京都市内の寺院の中でも特に積極的な拝観者招致策を展開し、成功した例としても知られる。,京都市西京区松室地家町31,阪急嵐山線「松尾大社」駅下車、徒歩約10分市バス「苔寺道」下車、徒歩約5分京都バス「苔寺すずむし寺」下車、徒歩約3分,9：00～16：30,なし,075-381-3830,http://www.suzutera.or.jp/,京都市西京区
源光庵,正式な名を鷹峰山宝樹林源光庵という曹洞宗の寺院。今から約670年前の貞和2年（1346年）、臨済宗大徳寺2代・徹翁国師によって開創され、元禄７年（1694年）に加賀・大乗寺27代・卍山白道禅師が住持、以降、曹洞宗の寺院となった。本堂は卍山禅師に帰依した金沢の富商・中田静家居士の寄進によって元禄7年に建立され、ご本尊として華厳の釈迦牟尼佛、脇立に阿難尊者、迦葉尊者をお祀りしている。「悟りの窓」と名付けられた丸窓と「迷いの窓」という名の角窓がある。悟りの窓の円型は「禅と円通」の心を表し、円は大宇宙を表現している。迷いの窓の角型は「人間の生涯」を象徴し、生老病死の四苦八苦を表している。本堂の⾎天井は、伏⾒桃⼭城の遺構。,京都市北区鷹峯北鷹峯町47,市バス北1系統・6系統「鷹峰源光庵前」下車、徒歩約1分,9：00～17：00（受付終了16：30）,無休（法要行事のあるときは拝観中止の時間あり）,075-492-1858,https://genkouan.or.jp/,京都市北区
建仁寺,建仁寺は建仁二年（1202年）将軍源頼家が寺域を寄進し栄西禅師を開山として宋国百丈山を模して建立された。創建時は真言・止観の二院を構え天台・密教・禅の三宗兼学の道場として当時の情勢に対応していた。その後、正嘉元年（1258年）東福寺開山円爾弁円が当山に入寺し境内を復興、禅も盛んとなった。正元元年（1259年）宋の禅僧、建長寺開山蘭渓道隆が入寺してからは禅の作法、規矩（禅院の規則）が厳格に行われ純粋に禅の道場となった｡,京都市東山区大和大路四条下ル小松町584,京阪電車「祇園四条」下車市バス「四条京阪前」または「東山安井」下車,10：00～17：00（受付終了16：30）,4/19、4/20、6/4、6/5その他法要で休止日有,075-561-6363,https://www.kenninji.jp/,京都市東山区